"id","name","type_tax_use","amount_type","sequence","amount","description","l10n_ec_code_base","l10n_ec_code_applied","tax_group_id","l10n_ec_code_ats","l10n_ec_xml_fe_code","repartition_line_ids/factor_percent","repartition_line_ids/repartition_type","repartition_line_ids/document_type","repartition_line_ids/tag_ids","repartition_line_ids/account_id","description@es","invoice_label@es","invoice_label"
"tax_withhold_vat_0","Retencion IVA 0%","none","percent","60","0","RET IVA 0%","","","tax_group_withhold_vat_purchase","","7","","base","invoice","","","Retencion IVA 0%","RET IVA 0%","VAT WTH 0%"
"","","","","","","","","","","","","100","tax","invoice","","ec_vat_withhold_others","","",""
"","","","","","","","","","","","","","base","refund","","","","",""
"","","","","","","","","","","","","100","tax","refund","","ec_vat_withhold_others","","",""
"tax_withhold_vat_exempt","No procede Retención","none","percent","60","0","No Ret.","","","tax_group_withhold_vat_purchase","","8","","base","invoice","","","No procede Retención","No Ret.","NO VAT WTH"
"","","","","","","","","","","","","100","tax","invoice","","ec_vat_withhold_others","","",""
"","","","","","","","","","","","","","base","refund","","","","",""
"","","","","","","","","","","","","100","tax","refund","","ec_vat_withhold_others","","",""
